1000,Manber,Civil Eng.,39,8
10033,Zelty,Mech. Eng.,60,9
10076,Duan,Civil Eng.,105,9
1018,Colin,Civil Eng.,81,29
10204,Mediratta,Geology,112,3
10267,Rzecz,Comp. Sci.,5,6
10269,Hilberg,Psychology,75,7
10454,Ugarte,Pol. Sci.,120,12
10481,Grosch,Astronomy,39,18
10527,Kieras,Physics,128,6
10556,Reed,English,79,3
10663,Okaf,Geology,59,10
10693,Zabary,Statistics,111,NULL
107,Shabuno,Math,19,28
10705,Terauchi,Physics,48,10
10727,Allard,Physics,27,3
10736,Veselovsky,Elec. Eng.,62,4
108,Dhav,Biology,80,11
1080,Xue,Languages,94,4
10814,Waks,Elec. Eng.,56,7
10834,More,Geology,126,7
10838,Marlet,Accounting,91,11
1087,Roses,Accounting,73,17
10904,Jerns,History,21,6
10917,Morales,Cybernetics,54,7
11055,Arnoux,Geology,121,9
11057,Robinson,Marketing,120,3
11076,Prasad,Pol. Sci.,114,6
11083,Kerridge,Statistics,113,NULL
11095,Schultz,Languages,51,20
1110,Tzeng,Civil Eng.,23,7
11101,Glaho,Cybernetics,119,7
11126,Englund,Pol. Sci.,76,6
11152,Al-Tahat,English,87,NULL
11194,El-Helw,Pol. Sci.,71,8
11195,Shiang,Cybernetics,62,3
11201,Bianchi,Statistics,0,15
11202,Heckman,Math,120,10
11237,Rokhs,Physics,5,8
11262,Foels,Marketing,117,13
11377,Jr,Accounting,100,6
11419,Geronimo,Civil Eng.,66,9
11422,Saito,Physics,34,4
11441,Betho,Languages,36,14
11453,Yamashita,Astronomy,109,11
11455,Peyse,Athletics,18,9
11510,Rakoj,Mech. Eng.,37,4
11530,Ng,Marketing,92,15
11578,Kwan,Languages,37,22
11604,Neff,Pol. Sci.,39,3
11682,Juol,Athletics,126,3
11855,Mendelzon,Languages,114,4
11966,Kowe,Math,69,24
12069,Skeen,History,10,7
12078,Knutson,Languages,97,13
12173,Thimm,English,60,NULL
1220,Hito,Geology,42,8
12214,Morales,Languages,51,6
12216,Griffiths,Cybernetics,94,11
12236,Bricker,Accounting,116,7
123,Wingb,Civil Eng.,86,NULL
1232,Marcus,Marketing,110,NULL
12326,Watson,Finance,50,12
12362,Zhanr,Civil Eng.,115,15
12563,Stone,Marketing,66,3
12615,Tewari,Geology,40,7
12666,Power,Athletics,118,6
12683,Sin,Accounting,115,7
12711,Malagoli,Physics,97,12
1285,Szczerban,Pol. Sci.,97,8
12941,Ren,Marketing,76,8
12971,Bumbau,Elec. Eng.,47,10
12979,Hammond,Elec. Eng.,5,7
13023,Serrano,Marketing,108,3
13028,Okano,Geology,89,11
13081,Alqui,Languages,112,7
13211,Diab,Civil Eng.,66,13
13217,Liu,Athletics,95,11
13290,Bonatto,Biology,83,14
13352,Gorsky,Athletics,53,6
13365,Wolter,Mech. Eng.,55,18
13403,Latour,English,82,11
13408,Bromley,Elec. Eng.,81,8
13495,Srini,Pol. Sci.,34,NULL
13504,Zander,Astronomy,90,3
13506,Patrick,Physics,85,3
13511,Adam,Cybernetics,15,11
1367,Ignj,Math,69,7
13741,Grieng,Psychology,122,16
13749,Alfaro,Marketing,23,4
13753,Hoshi,Civil Eng.,68,3
13757,Bedny,Astronomy,3,10
13826,Sommerfeldt,Pol. Sci.,80,14
13880,Lazos,Physics,98,3
13921,Berger,Math,120,16
1402,Oswald,Comp. Sci.,12,8
14023,Deshpande,History,90,21
14032,Belhadji,Elec. Eng.,0,3
14065,Starker,History,7,8
14094,Miao,Comp. Sci.,45,11
14182,Moszkowski,Civil Eng.,73,3
14214,Yoneda,Cybernetics,129,3
14284,Takeshi,Athletics,32,6
14432,Whitley,Geology,2,6
14484,Langer,Astronomy,62,3
14499,Axte,Biology,115,14
14554,Ramadan,Psychology,96,13
14563,Haigh,Comp. Sci.,16,7
14581,Vagn,Biology,129,3
14596,Vekk,Biology,105,7
1460,Martinsen,History,55,14
14621,Azevedo,Astronomy,17,4
14628,Lehtinen,Psychology,47,13
14639,Sagiv,Mech. Eng.,26,3
14668,Malinen,Athletics,20,31
14829,Philippe,Accounting,105,10
14869,Palmer,Astronomy,106,19
14874,Singhal,Comp. Sci.,34,14
15024,Kawahara,Civil Eng.,10,7
15030,Massour,Mech. Eng.,44,10
15070,Enokib,Math,65,4
15074,Kirtane,Physics,36,7
15083,Formisano,Physics,50,18
15086,Sun,Physics,74,8
15144,Lapio,Statistics,110,7
15249,Cheah,Accounting,1,11
15283,Williams,Astronomy,0,13
15328,Chien,Statistics,129,10
1533,She,Statistics,29,14
15340,Silbert,Psychology,39,NULL
15430,Sasso,Psychology,39,10
15457,Arinb,Physics,123,11
15487,Januszewski,Athletics,14,6
15517,Anis,Geology,29,6
15538,Yeung,Athletics,111,4
15578,Pacie,Elec. Eng.,32,8
15613,Umehara,Marketing,41,NULL
15698,Dink,Psychology,72,3
15726,Neuhold,Finance,27,10
15883,Marques,Math,24,3
15980,Ross,Athletics,81,7
16035,Starker,English,94,NULL
16057,Wicki,Mech. Eng.,114,3
16075,Wolter,Pol. Sci.,45,10
16133,Orlet,Cybernetics,43,10
16250,Uhrig,English,87,4
16297,Sacchi,Marketing,44,11
163,Bandekar,Finance,49,6
16311,Liao,Accounting,33,6
16347,Morimoto,Mech. Eng.,2,8
16405,Rahman,Languages,5,10
16453,Kanata,Astronomy,78,7
16467,Meyl,Comp. Sci.,92,17
16480,Noga,Psychology,5,15
16515,Suppan,Languages,48,6
16523,Redw,Math,117,6
16528,Angs,Accounting,24,16
16543,Toffoli,History,83,NULL
16593,Skuras,Psychology,5,7
16631,Stratulat,Biology,20,18
16753,Kuwadak,Comp. Sci.,67,4
16849,Kantors,Geology,117,9
16885,Biehl,Math,59,10
16907,Keiss,Accounting,59,13
16969,Hakkinen,Finance,70,10
16993,Akaiw,Accounting,82,12
17057,Swartj,Geology,94,17
17076,King,Statistics,42,16
17086,Hazemi,Math,90,15
17128,Chuon,Civil Eng.,81,NULL
17133,Kang,Civil Eng.,109,7
17192,Carroll,Pol. Sci.,75,11
17207,Holn,Astronomy,57,17
1726,Matsunami,Biology,94,6
1727,Ratcliff,Mech. Eng.,49,7
17339,Petzo,English,58,4
1737,Shinagawa,Biology,118,4
17377,Pisini,English,67,9
17397,Caleff,Languages,31,15
17424,Zouao,English,75,11
17507,Mathur,Mech. Eng.,48,7
17600,Peter,Languages,47,7
17607,Ould,Athletics,115,3
17665,Tewari,English,62,7
17676,Michel,Psychology,43,3
17769,Pearlman,Biology,45,12
17831,Srivastava,Languages,75,18
17911,Audeh,Biology,92,8
17924,Tavan,Psychology,97,10
17944,Hamarn,Mech. Eng.,5,4
17996,Karpist,Finance,103,6
17997,Ishikawa,Languages,128,3
18007,Chanon,Biology,90,NULL
18108,Brailsford,Cybernetics,107,4
1812,Chyr,Marketing,47,6
18234,Nirenbu,Pol. Sci.,19,17
1826,Dhav,Astronomy,8,7
1827,Westbrook,Civil Eng.,61,3
18286,Pang,Finance,110,6
18338,Kangs,Physics,9,4
1836,Marinov,Elec. Eng.,85,14
18367,Goodwin,Civil Eng.,95,11
18469,Coppens,Marketing,26,NULL
18499,Peter,Biology,21,7
18554,Ramaswamy,Psychology,21,3
18583,Ma,Finance,74,9
18636,Mori,Statistics,23,6
18675,Araya,Statistics,82,11
18709,Agar,Math,65,6
18740,Williamson,Athletics,16,4
18752,Schulman,Civil Eng.,102,4
18775,Pampal,Comp. Sci.,89,7
18808,Snif,Mech. Eng.,116,NULL
18809,Benson,Marketing,20,21
18821,Linden,Astronomy,98,8
1884,Masini,Marketing,89,8
18859,Rubio,English,21,20
18941,Denecker,History,46,6
19048,Leuen,Statistics,122,3
19050,Erdem,Civil Eng.,58,4
19203,Koch,Physics,88,11
1922,Cavalcanti,Athletics,48,11
19220,Hayashi,History,77,4
19245,Cai,Comp. Sci.,4,15
19293,Singhal,Geology,118,6
19321,Chang,Mech. Eng.,124,3
19342,Bouzeghoub,Finance,35,9
19362,Linden,Finance,123,3
19450,Asahara,Cybernetics,37,6
19536,Bhattacharya,Math,92,4
1954,Frank,Geology,29,6
19541,Drews,Marketing,1,12
19582,Canas,Finance,7,6
19603,Colu,Finance,122,3
19638,Dawson,Cybernetics,107,7
1968,Sahm,Finance,4,7
19735,Bishop,Physics,9,10
19766,Simon,Biology,29,10
19791,Vanrell,Comp. Sci.,61,11
19824,Savelieva,Physics,7,3
19848,Tiwari,Comp. Sci.,96,8
19861,Fontana,Civil Eng.,81,10
19862,Prasad,Pol. Sci.,22,11
19917,Hayrapetyan,Languages,121,7
20002,Fournier,Accounting,54,15
20084,Adda,Accounting,13,18
20099,Lewis,Mech. Eng.,46,11
20180,Reyes,Languages,44,10
20195,Finney,Mech. Eng.,7,18
20244,Abu-B,Marketing,112,12
20378,Lomi,Languages,3,7
20445,Laak,Marketing,4,9
20489,Shuming,History,2,13
20540,Cunha,History,58,17
20803,Mercurio,History,129,11
20814,Cheed,Marketing,42,12
20974,Hawkins,Mech. Eng.,127,9
20985,Wunderli,History,66,11
21008,Pavlovico,Mech. Eng.,44,3
21009,Geon,History,118,13
21086,Held,Math,97,10
21100,Juchn,Physics,51,7
21101,Gotchev,Astronomy,117,6
21102,He,Biology,121,11
21126,McCarter,Cybernetics,38,3
21225,Choll,Elec. Eng.,112,6
21246,Rais,Civil Eng.,52,4
2133,Nardi,Accounting,60,7
21337,Goualh,Marketing,46,4
2139,Agarwal,Physics,99,11
21394,Patel,Finance,115,10
21395,Leuen,Math,43,14
21401,Garze,Physics,92,7
21552,Bradshaw,Physics,71,6
21556,Negron,Marketing,60,6
21692,Nagal,Accounting,83,11
21766,Cox,Astronomy,74,7
2177,Cheah,Astronomy,15,10
21774,Moh,Physics,38,6
2178,Mingoz,Elec. Eng.,41,6
21789,Bates,History,118,17
22003,Ibah,Elec. Eng.,48,15
22004,OBrien,Geology,106,10
2201,Sauer,Biology,99,10
22050,Alioto,Physics,108,NULL
22057,Cal,Cybernetics,20,10
22086,Ockerb,Athletics,23,13
22142,Gerstend,History,22,8
22170,Sugavanam,Physics,41,6
22179,Sundho,Statistics,40,12
22198,Read,Languages,101,14
22226,Kinney,Biology,116,14
22254,Gordon,Statistics,75,8
22258,Larion,Languages,3,10
22260,Daat,Accounting,8,NULL
22268,Dang,Astronomy,78,7
22325,Oevers,Statistics,77,11
22345,Wecker,Pol. Sci.,76,7
22396,Wodn,Biology,100,NULL
22417,McGuinness,Geology,55,7
22467,Dias,Finance,95,3
22532,Silverman,History,120,11
22618,Voss,Pol. Sci.,101,4
22620,Lykin,Accounting,18,21
2286,Ceze,Elec. Eng.,65,3
22912,Sendlm,Geology,63,7
23110,Sahani,Comp. Sci.,97,16
23224,Kempn,Psychology,81,12
23270,Bouras,Biology,109,6
23311,Brunet,Languages,83,3
23344,Fierro-,Math,56,7
23373,Lang,Astronomy,70,11
23392,Curutchet,Elec. Eng.,43,4
23439,Cai,English,101,7
23449,Noda,Cybernetics,94,3
23457,Shakhnovich,Accounting,48,16
23475,Cecchi,Athletics,16,13
23500,Kinney,Marketing,68,NULL
23506,Åström,Pol. Sci.,109,10
23525,DAgostino,Elec. Eng.,128,8
23794,Sokolov,Pol. Sci.,13,7
23934,Koizumi,English,59,7
23992,Thornton,Psychology,58,7
23994,Kalisz,Elec. Eng.,75,10
24002,Russa,Languages,14,NULL
24010,Brookh,Comp. Sci.,65,3
24116,Fauth,Elec. Eng.,10,9
2419,Hirakuri,Mech. Eng.,49,17
24197,Andert,Physics,98,19
24201,Juol,Pol. Sci.,17,6
2423,Giralt,Accounting,114,6
24325,Álvarez,Cybernetics,50,3
24374,Jo,Cybernetics,105,3
24387,Yap,History,29,11
24442,Greene,Physics,11,3
24630,Halbert,Geology,66,6
24746,Schrefl,History,4,9
24784,Jessup,Comp. Sci.,126,11
24796,Thimm,Pol. Sci.,18,19
24809,Engeldr,Psychology,23,17
24865,Tran-,Marketing,116,4
24932,Segars,Civil Eng.,78,15
2501,Leitner,Astronomy,70,3
25046,Cotterill,Finance,57,3
25068,Dickens,Civil Eng.,12,12
25077,Palomo,Cybernetics,82,3
25143,Visr,Accounting,11,8
25187,Fenwick,History,103,22
25256,Boulah,Astronomy,83,7
25331,Baker,Accounting,68,7
25362,Simmel,Psychology,117,17
25380,Vassileva,English,97,8
25468,Hunter,Comp. Sci.,49,4
25525,Moreira,Comp. Sci.,107,7
25528,Sivew,Elec. Eng.,40,14
25552,Calles,Finance,110,4
2561,Aschoff,Finance,20,10
25611,Sve,English,107,7
25718,Seyfert,Athletics,83,18
25725,Steeh,Geology,125,7
25780,Ashmi,Accounting,95,7
25785,Knezo,Athletics,66,7
259,Bertranp,Accounting,105,NULL
25940,Rosenkrantz,Comp. Sci.,117,12
25942,Leclercq,Mech. Eng.,23,NULL
26028,Birchler,Statistics,47,9
26080,Simmel,Biology,80,9
26102,Tanaka,Statistics,118,7
26147,Richter,Comp. Sci.,115,11
2629,Goldbu,Languages,4,6
26427,Ende,Finance,129,NULL
26473,Neru,Accounting,75,17
26494,Heers,Psychology,28,3
26619,Matsukawa,Biology,58,8
26695,Hac,Finance,104,NULL
26730,Veselovsky,Psychology,68,21
26802,Baber,Comp. Sci.,27,4
26881,Markin,History,110,3
27002,Veerar,Statistics,5,20
27017,Trur,Elec. Eng.,11,7
27043,Garze,Athletics,119,4
27044,Kota,Elec. Eng.,45,23
27094,Gur,Geology,120,4
27140,Fitzpatrick,Marketing,98,6
27236,Date,Astronomy,105,NULL
27366,Ssu,History,83,13
27430,Gonzalez,Cybernetics,75,NULL
27528,Probst,Biology,95,10
27556,Leitner,Astronomy,82,4
27662,Tabarr,Cybernetics,21,13
27687,Yüksel,Physics,31,17
27727,Duong,Finance,115,21
27804,Brunt,English,75,NULL
27898,Holloway,English,81,14
27919,Hubr,Athletics,124,3
2795,Milner,Finance,8,6
27950,Yüksel,English,74,10
27952,McQuillan,History,51,3
27956,Watzel,Psychology,53,11
28004,Savelieva,Finance,17,3
28019,Cayto,History,38,NULL
28128,Crick,Comp. Sci.,111,3
28133,Evano,Civil Eng.,53,3
282,Rougemont,Languages,34,12
28252,Pfister,Finance,6,3
28299,Grange,Languages,120,8
28316,Rajan,Mech. Eng.,61,8
28352,Mai,Pol. Sci.,64,20
28361,Sorensen,Physics,109,3
28409,Hirasawa,Geology,66,15
2848,Carr,Civil Eng.,121,13
28518,Catani,Cybernetics,20,18
28538,Mathur,Statistics,97,10
28738,Birkett,Civil Eng.,94,7
288,Canellas,Astronomy,95,13
28829,Reiss,Physics,113,8
28952,Kennedy,Accounting,30,3
28977,Chatterton,Psychology,73,7
28989,Albinal,Astronomy,107,NULL
28994,Williamson,Statistics,104,15
29002,Duxbury,History,29,NULL
29031,Berthold,English,85,8
29091,Ahso,Pol. Sci.,22,16
29140,Reuver,Elec. Eng.,123,16
29192,Gomez,Geology,81,18
29239,Simmel,Astronomy,107,8
29260,Verhoeven,Physics,25,NULL
29390,Aufr,Geology,49,NULL
29399,Sutter,Marketing,38,3
29435,Siddiqi,Psychology,86,8
29462,Daues,Pol. Sci.,88,15
29514,Michael,Biology,124,16
29645,Oller,History,120,NULL
29665,Lykin,Languages,94,17
2967,Stokic,Mech. Eng.,16,10
2970,Montes-y,History,56,7
29705,Stetson,Finance,76,7
29707,Gaspar,Statistics,68,7
29803,Beavis,Accounting,76,3
29849,Solar,Physics,90,15
29863,Harmon,Athletics,112,10
29871,Iwasa,Math,75,NULL
29920,Kogure,Psychology,62,4
29959,Narli,Physics,56,3
30017,Mateo,History,96,13
30021,Youseffi,History,90,13
3005,Ibrahim,Pol. Sci.,73,10
30110,Humphrey,Athletics,2,NULL
30124,Alfaro,Math,126,7
30161,Grude,Cybernetics,23,13
30164,Ende,Athletics,114,13
30177,Vajapeyaz,Pol. Sci.,41,NULL
30182,Porr,Cybernetics,71,8
30188,Ahmad,Marketing,126,7
30222,Lepp,Accounting,121,3
30252,Folkers,Geology,80,10
30289,Lanfr,History,72,3
30299,Marsh,Geology,38,NULL
30334,Arakawa,Physics,37,13
30341,Anse,History,58,8
3039,Brookh,Languages,47,3
30397,Dism,Civil Eng.,116,19
30474,Paniez,Athletics,55,4
30650,Chaudhuri,Languages,101,9
30723,Mali,Physics,115,6
30772,Inoue,Math,18,3
30845,Fonseca,Math,19,10
30858,Shaffer,Physics,42,7
30896,Rueda,Comp. Sci.,61,6
30943,Botha,History,65,4
30957,Beaudry,Cybernetics,38,4
31035,Arnoux,Civil Eng.,92,3
31079,Canas,Astronomy,85,7
31080,Aschoff,Athletics,88,20
31086,Zulueta,Psychology,125,4
31101,Lhomme,Astronomy,110,4
31137,Porter,Statistics,36,18
31250,Kawasaki,Athletics,31,21
31266,Kacpr,Physics,22,9
3127,Resa,Psychology,73,11
31302,Qian,Geology,110,15
31337,Graziano,Elec. Eng.,29,7
31341,Rotter,Marketing,32,7
31364,Rieger,Biology,94,6
3143,Haddad,Geology,55,NULL
31442,Bessou,Math,63,9
31476,OConnor,Elec. Eng.,7,13
31486,Okubo,Elec. Eng.,72,6
31516,Hassine,Elec. Eng.,49,8
31554,Fuller,Geology,102,4
31560,Neld,Languages,13,3
31624,Keuk,Geology,107,NULL
3163,Riera,Biology,55,NULL
31690,Bondi,Comp. Sci.,110,10
31761,Jame,Pol. Sci.,57,10
31820,Riahi,Athletics,51,6
31993,Ueda,Comp. Sci.,6,14
32056,Frost,Math,75,7
32065,Tapia,Math,90,4
32119,Nagashima,Elec. Eng.,12,15
32130,Bannac,Biology,56,13
32217,Argar,Math,14,9
32245,Saariluoma,Statistics,12,14
32345,Chormo,Biology,38,9
32368,Ouaz,Languages,64,10
32369,Kaleta,Psychology,34,7
32376,Nakajima,Astronomy,8,17
32385,Park,Civil Eng.,120,7
32419,Sahani,Civil Eng.,48,3
32464,Kinney,Accounting,5,17
32483,Atre,Math,114,20
32490,McCracken,Comp. Sci.,117,9
32506,Suzuki,Astronomy,86,9
32744,Robins,Finance,40,10
32772,Leventhal,English,54,17
32881,Bagato,Civil Eng.,77,7
32886,Damas,Psychology,58,6
32954,Curutchet,Languages,121,27
33094,Fakin,Accounting,69,6
33107,Liley,Civil Eng.,16,6
33201,Macias,Civil Eng.,61,14
33206,McCormack,Civil Eng.,109,6
33338,Stead,Psychology,65,10
33349,Peck,Biology,125,10
3335,Otterm,Finance,73,32
33401,Campbell,Elec. Eng.,22,13
33460,Leonard,Psychology,48,7
33546,Saguez,Pol. Sci.,53,14
336,Constantinescu,Finance,61,9
33645,Kawakami,Comp. Sci.,129,18
33651,Seike,Geology,2,4
33759,Mowbray,Psychology,44,18
33791,Wood,Civil Eng.,92,3
33817,Vagn,Geology,95,7
33837,Nicol,Psychology,37,8
33882,Borutz,Civil Eng.,3,3
34018,Asahara,Elec. Eng.,103,NULL
34055,Orono,Astronomy,115,26
34126,Schreitm,Accounting,14,7
34158,Mantzo,Astronomy,127,NULL
34170,Chan,Comp. Sci.,77,3
34195,Bosnjak,Astronomy,120,12
34197,Nestor,Languages,106,6
34236,Maalej,Math,80,4
34322,Baba,Biology,74,3
34329,Malcher,English,32,NULL
34331,Kacpr,Accounting,59,7
34386,Hagedorn,History,98,4
34392,Lauciu,History,20,7
34404,Fries,History,48,4
34422,Nakajima,Mech. Eng.,86,6
34502,Farr,Pol. Sci.,8,3
34542,Basile,Physics,25,14
34569,Arndt,Accounting,39,18
34770,Porter,Languages,111,8
34788,Barkov,Civil Eng.,35,12
3487,Deshpande,Languages,6,10
3493,Riser,Geology,16,7
34957,Kalogerou,Elec. Eng.,71,3
35,Glaho,History,110,9
35042,Nives,Comp. Sci.,38,6
35138,Corbac,Mech. Eng.,86,4
35175,Quimby,History,4,23
35198,Loc,Civil Eng.,87,7
35220,Shilv,History,58,21
35257,Ebou,Comp. Sci.,65,NULL
35293,Cao,Languages,89,7
35357,Gradino,English,34,3
35362,ONi,Statistics,53,9
3545,Peskin,Statistics,119,3
35462,Byrd,Statistics,42,3
35498,Lanfr,Accounting,78,7
35523,Yamamoto,Accounting,15,NULL
35588,John,Civil Eng.,31,14
35685,Usi,History,31,11
35687,Letouzey,Accounting,58,7
35721,Suppan,Math,85,7
3576,Nakanishi,Physics,97,21
35881,Özel,Cybernetics,99,13
35905,Lima,Athletics,19,14
35935,ODono,Languages,3,10
36019,Quaranta,Astronomy,128,3
36052,Guerra,Elec. Eng.,59,NULL
36102,Szendrei,Cybernetics,109,9
36126,Fung,Astronomy,47,12
36244,Neuhold,Accounting,50,13
36263,Souza,Civil Eng.,58,10
36265,Kaupp,Physics,98,6
36303,Nair,Mech. Eng.,46,6
36379,Triebel,Comp. Sci.,115,14
36384,Sandsj,Finance,62,10
3639,Story,Statistics,73,11
3640,Karniel,Athletics,41,NULL
36402,Hippu,Athletics,115,8
36494,Baccou,Psychology,41,10
3651,Narayanan,Elec. Eng.,14,15
36513,Ugarte,Athletics,99,11
36657,Ching,English,51,14
36685,Fathi,Accounting,8,6
36791,Bomme,Elec. Eng.,84,11
36845,Okaf,Math,30,4
36881,Dalton,Biology,32,8
36926,Kamae,Civil Eng.,87,3
3693,Zafar,Athletics,27,20
36995,Sgot,Finance,79,11
37038,Grieng,Math,114,12
37101,Falconer,Physics,78,10
37103,Walker,Athletics,19,4
37219,Poize,Comp. Sci.,45,13
37284,Benabd,Physics,74,14
37339,Warren,Psychology,68,20
37350,Sohn,Physics,49,7
3739,Davy,History,75,10
37430,Norman,Languages,35,6
37449,Ssu,Pol. Sci.,64,8
37454,Frasinc,Biology,109,10
37521,Mes,Biology,9,15
37581,Arndt,Cybernetics,68,9
37586,Valtchev,Biology,19,12
37653,Campbell,Marketing,64,17
37715,Westbrook,Languages,53,13
37734,Kamata,Civil Eng.,68,14
37759,Signah,Cybernetics,26,3
37809,Soni,Geology,38,19
37818,Jiao,Civil Eng.,66,8
37856,Gay,Statistics,92,6
37869,Beeu,English,109,8
37946,Vrato,Finance,110,7
38013,Frolova,Marketing,29,10
38121,Zuyev,English,98,3
38271,Kosken,Cybernetics,100,13
38288,Matsuda,Mech. Eng.,107,11
3833,Hayat,Biology,53,12
38336,Sagawe,Civil Eng.,39,4
38371,Harada,Math,50,9
38476,Rzecz,Pol. Sci.,129,14
38545,Fok,English,122,4
38548,Scibili,Pol. Sci.,88,11
38555,Vogt,Elec. Eng.,55,4
38602,Torres,Cybernetics,108,10
38668,Spector,Elec. Eng.,97,14
38676,Swien,Elec. Eng.,48,14
38691,Theodores,Accounting,37,13
38696,Spadon,Comp. Sci.,118,11
38712,Kreutz,Elec. Eng.,29,7
38895,Beuthel,Biology,70,7
38899,Murphy,Marketing,30,9
38902,Xiang,Math,61,7
38973,Maglioni,Comp. Sci.,56,15
390,Alkio,Elec. Eng.,65,3
39046,Narasimhamu,Math,121,10
39114,Kerz,English,18,4
39115,Boulah,Civil Eng.,2,18
39157,Loull,Accounting,0,4
39204,Castle,Civil Eng.,27,18
39238,Kyriakopoulos,Pol. Sci.,90,11
39241,Solar,Mech. Eng.,64,14
39254,Elme,Statistics,103,4
39310,Ploski,Comp. Sci.,64,3
39394,Reinhardt,History,84,NULL
39472,Soper,Elec. Eng.,62,3
39514,Yean,Accounting,65,6
39520,Lui,Astronomy,43,17
39521,Holloway,Accounting,113,4
39552,Tsukamoto,Physics,72,10
39580,Macias,Psychology,128,3
39612,Androutsopoulos,Elec. Eng.,103,4
39619,Dwyer,Mech. Eng.,89,14
39657,Ryder,Astronomy,80,NULL
39704,Frank,Statistics,31,13
39876,Wood,Accounting,14,16
39881,Herman,Athletics,85,6
39892,Urano,Athletics,92,NULL
39901,Dellwo,Biology,82,17
39925,Preuss,Civil Eng.,32,16
39927,Bartels,History,62,10
39978,Drig,English,92,24
4004,Tabor,Biology,51,7
40044,Jode,Mech. Eng.,108,8
40059,Montilla,Astronomy,16,21
40080,Llam,Civil Eng.,6,7
40116,Joshi,Psychology,23,15
4015,Cole,Astronomy,32,17
40178,Greene,Mech. Eng.,93,3
40189,Holt,Comp. Sci.,104,7
40276,Konstantinides,Mech. Eng.,37,12
40303,Rudolf,Marketing,25,6
4034,Xie,Elec. Eng.,64,3
40371,Trimble,Physics,109,4
40457,Bouras,History,116,3
40481,Zettel,Civil Eng.,74,11
40558,Pacie,Finance,101,3
40677,Ponnambalam,Civil Eng.,127,4
40682,Rowe,Geology,114,4
40738,Dima,Finance,88,10
40897,Coppens,Math,58,3
40932,Rioult,Comp. Sci.,94,7
40937,Petzo,Geology,115,23
40992,Xing,Psychology,93,7
41091,Maillet,Geology,66,7
41211,Fok,Accounting,113,4
41261,Hubr,Physics,32,8
41280,Birtz,Finance,83,3
41299,Siebers,Civil Eng.,23,24
41345,Tola,Finance,17,7
41406,Dahmann,Biology,24,13
41450,McLeod,Marketing,78,11
41491,Beavis,Comp. Sci.,15,7
41596,Abeggl,Finance,51,7
41599,Meneses,Geology,40,4
41671,Valf,Geology,68,13
41674,April,Biology,46,19
41675,Wheeler,Physics,32,8
41683,Pietkiewicz,Biology,20,10
4173,Erol,Statistics,21,NULL
41741,Kato,Languages,94,9
41751,Kaufman,Pol. Sci.,13,18
41774,Tassel,Languages,7,10
41818,Wari,English,9,11
4182,Powals,Languages,102,20
41827,Chriso,Languages,89,13
41832,Curl,History,2,14
41890,Srivastava,Physics,15,7
41894,Ortmann,Civil Eng.,89,11
41938,Jordan,History,93,4
41965,Boden,Cybernetics,87,4
41973,Werf,Civil Eng.,115,4
41988,Gall,Languages,12,15
42019,Koch,Finance,53,14
42092,Arinb,Comp. Sci.,47,8
42096,Freib,Biology,10,7
42114,Mezzar,Cybernetics,98,10
42298,Fournier,Biology,61,8
42388,Nikut,History,87,11
4248,Wright,Finance,63,7
42556,Tsantis,Languages,43,4
42560,Amr,Pol. Sci.,80,8
42565,Hartsk,Astronomy,27,4
42625,Holland,Languages,0,17
42688,Palma,Biology,54,7
42843,Lin,Mech. Eng.,18,4
42956,Ram,Physics,60,3
42960,McGinn,Finance,95,NULL
42991,Kaiser,Languages,126,16
43016,Beekw,History,77,10
43032,Tanaka,Biology,84,7
43123,Shim,Geology,69,15
43130,Yong,Comp. Sci.,123,3
43211,Xylo,Astronomy,48,9
43226,Shoji,Biology,83,11
43348,Venturini,Mech. Eng.,94,4
43432,Caporali,Astronomy,77,10
4345,Resa,Languages,125,16
43495,Scher,Astronomy,111,15
435,Moskow,Languages,32,7
43505,Yoon,Statistics,118,12
4355,Cui,English,127,11
43616,Tam,Athletics,15,9
43658,Meneses,Astronomy,87,8
4383,Tallis,History,120,7
43854,Gau,Astronomy,47,3
43912,Papakir,Finance,34,6
43981,Quimby,Pol. Sci.,87,6
43989,Makarychev,Accounting,72,4
43993,Halbert,Math,113,11
44038,Chandra,Civil Eng.,11,10
44206,Gilmour,Comp. Sci.,75,18
44258,Steinmetz,Accounting,28,18
44271,Sowerby,English,108,NULL
44304,Cox,English,31,11
4435,Labroc,Accounting,11,17
44352,Itoh,Athletics,101,10
4438,Yoshioka,Cybernetics,110,14
4449,Gilliam,Biology,99,NULL
44551,Nguyen,Astronomy,119,8
44584,Agar,Geology,58,4
44703,Hsieh,Marketing,5,NULL
44706,Bland,English,119,11
44816,Burman,History,67,14
44836,Lanfr,Civil Eng.,75,6
44881,Harshman,Cybernetics,59,10
44985,Prieto,Biology,91,NULL
44998,Borrus,Civil Eng.,79,NULL
45002,Abraham,Psychology,109,9
4508,Cochran,English,127,6
45083,Stasko,Marketing,44,15
45200,Kitagawa,Elec. Eng.,125,8
45300,Kambayashi,Geology,67,18
45359,Zelek,Marketing,79,10
45436,Ahmadian,Psychology,101,6
45494,Matsush,Geology,105,6
45570,Hoyos,Biology,99,11
45650,Mateo,Marketing,40,7
45680,Kiltz,Cybernetics,88,NULL
45720,Yeoh,Physics,118,15
45770,Beekw,Elec. Eng.,97,11
45817,Herrmann,Psychology,78,NULL
4582,Zaniolo,Math,0,11
45826,Teng,Mech. Eng.,70,10
46035,Kamez,Biology,42,7
46066,Hirasawa,Mech. Eng.,92,11
46074,Fong,Finance,56,4
46106,Pledg,Astronomy,68,NULL
46155,Kruglyak,Astronomy,67,16
46260,Bloom,History,55,9
463,Houtsm,Physics,78,11
46337,Nagaraj,Cybernetics,83,7
46436,Richardson,History,52,16
46441,Zander,Athletics,18,3
46442,Kagd,Cybernetics,61,3
4645,Ryoo,Finance,65,19
46450,Tleu,Comp. Sci.,83,3
46451,Chilu,Pol. Sci.,123,4
46655,Advani,Athletics,112,3
46694,Masamura,Math,118,15
46725,Richi,Statistics,18,7
46762,Bier,Comp. Sci.,71,9
46769,Kivv,Psychology,85,4
4682,Betho,Accounting,59,10
46928,Barry,Athletics,108,10
46956,Nallape,Astronomy,6,8
46970,Rafiq,Athletics,31,7
46980,Roessler,Astronomy,58,7
46981,Yalk,Statistics,117,4
47001,Correia,Comp. Sci.,63,7
47025,Jouny,Psychology,72,3
47126,Bakirc,Comp. Sci.,56,10
47265,Albinal,Comp. Sci.,105,17
47379,Wakamiya,Comp. Sci.,113,16
47487,Villa,Finance,72,28
47627,Warren,Statistics,54,4
47630,Odell,Cybernetics,77,NULL
47670,Xue,Pol. Sci.,55,10
47677,Tso,Psychology,108,3
47824,Hardt,Astronomy,94,6
48009,Lopes,Pol. Sci.,36,15
48053,Macias,Comp. Sci.,0,11
48165,Asikainen,Marketing,57,14
48247,Gustafsson,History,80,13
48423,Krone,Pol. Sci.,80,3
48462,Wolf,Civil Eng.,19,15
48469,Kolodko,Elec. Eng.,113,11
48471,Elias,Languages,90,9
48589,Martyno,Mech. Eng.,73,11
4860,Penneb,Elec. Eng.,83,4
48611,Suppan,Geology,102,3
48640,Brown,History,33,6
48660,Emam,Psychology,77,9
48678,Tuomisto,Athletics,121,12
48776,Wall,Statistics,58,NULL
48778,Pup,Psychology,107,9
48850,Wehen,Biology,14,7
48861,Ende,Accounting,54,7
48901,Gong,Marketing,57,14
49073,Bonvin,English,74,10
49205,Agraz,Pol. Sci.,82,7
49214,Vogel,Psychology,46,7
49244,Chikar,Psychology,49,10
49280,Wilson,Psychology,89,17
49339,Snif,Civil Eng.,107,9
49391,Rammer,Marketing,15,7
4940,Rhyne,Mech. Eng.,102,10
49450,Gotoh,Astronomy,83,11
49503,Seaz,Finance,105,NULL
49611,Karande,Astronomy,57,21
49618,Stone,Languages,60,7
49684,Ceze,Civil Eng.,50,NULL
49701,Read,Civil Eng.,33,4
49759,Androutsopoulos,Finance,110,10
49792,Petersen,Accounting,38,3
49813,Al-Hu,History,93,14
49873,Nikut,Athletics,85,4
499,Seike,Elec. Eng.,52,7
49982,Haigh,Geology,41,10
50013,Milanic,Math,76,16
50038,Urano,Languages,60,6
50039,Kurt,Statistics,126,15
5005,Cesaret,Civil Eng.,15,18
5017,Reuter,Statistics,60,26
50206,Cesaret,Mech. Eng.,102,6
50267,Spengler,Finance,52,6
50331,Bullinger,Psychology,9,8
50365,Held,Mech. Eng.,121,13
50386,Bersk,Elec. Eng.,125,13
50414,Landau,Accounting,49,6
50467,Kabir,Athletics,71,7
50537,Felling,Mech. Eng.,20,NULL
50583,Ng,Finance,113,7
50598,She,Psychology,52,17
50658,Cayto,Civil Eng.,56,15
50664,Rajnov,Biology,127,8
507,Recc,History,117,14
50702,Harders,Math,63,23
50703,Blanchard,Astronomy,44,NULL
50719,Model,Geology,66,6
50743,Lindner,Biology,83,7
50873,Beck,Marketing,33,11
50944,Tao,Pol. Sci.,66,14
50966,Concilio,Finance,95,10
50969,Terauchi,History,119,6
50977,Allen,Elec. Eng.,93,8
51008,Kandadai,History,107,10
51084,Pah,Languages,63,10
51093,Syng,Psychology,92,24
51203,Lahtinen,Math,99,3
51238,Kran,Civil Eng.,19,10
51416,Shan,Psychology,51,15
5144,Abdellatif,Geology,55,NULL
51538,Ang,Geology,8,11
51549,Rao,Mech. Eng.,87,17
51553,Willis,Finance,121,16
51579,Holz,Biology,89,4
51678,Klivansky,Pol. Sci.,49,6
51698,Sharpe,History,81,3
51723,Lagendijk,Comp. Sci.,99,4
51768,Noga,Athletics,78,19
51817,MacIntyre,Physics,51,4
51862,Carrillo,English,105,3
51868,Guthk,Pol. Sci.,109,14
51923,Peterson,Civil Eng.,128,3
51955,Tompa,Finance,106,10
51975,Nicol,Languages,127,6
51997,Nadg,Languages,49,10
52019,Engen,Athletics,112,7
52057,Garg,Elec. Eng.,101,13
52076,Noda,Astronomy,85,7
5208,Feyr,Statistics,47,7
52120,Redw,Physics,8,7
52134,Johnson,Physics,9,11
52157,Nagle,Astronomy,52,16
52187,Fritsch,Math,98,14
52203,Suwanno,Pol. Sci.,41,7
52291,Wolff,Mech. Eng.,39,14
52371,Boons,Marketing,108,14
52385,Higuchi,Astronomy,78,17
5243,Bajracharya,Marketing,83,8
52471,Recc,Finance,110,8
52494,Sznajder,Statistics,25,10
5250,Åström,Finance,49,3
52523,Hobbs,English,14,14
52656,Phillips,Psychology,6,11
52669,Rayad,Physics,114,3
52707,Arena,History,73,11
52741,Bernhart,Astronomy,50,10
52750,Saito,Mech. Eng.,12,3
52856,Grange,Physics,117,11
52866,Loull,Math,30,9
52872,Chaney,Elec. Eng.,57,NULL
52876,Dahmann,Languages,50,15
52929,Hashim,Math,118,9
52945,Adeni,Languages,13,NULL
5298,Radici,Finance,10,7
53047,Geißl,Mech. Eng.,46,7
53048,Keps,Cybernetics,122,14
53077,Brandt,History,87,3
53089,Vedag,English,98,14
53118,Carvey,Comp. Sci.,120,15
53152,Sayre,Civil Eng.,18,18
53165,Dowey,History,90,4
53172,Du,Comp. Sci.,28,11
53185,Yuanq,Accounting,25,18
53225,Juan,Finance,92,7
5336,Peltz,Math,22,4
53424,Lemoine,Languages,10,12
53451,Hasan,Physics,83,14
53469,Fujii,Astronomy,43,12
53485,Rowe,English,70,7
53490,Reina-,Languages,31,8
53496,Cashman,Marketing,27,14
53547,Neubert,Mech. Eng.,66,8
53588,Schwet,Languages,100,NULL
53699,Cordt,Languages,39,6
53728,Eck,Statistics,61,7
53788,Byun,Astronomy,101,7
53799,Okabe,Cybernetics,12,NULL
53803,Okaf,Civil Eng.,89,23
53805,Ludwig,Cybernetics,30,3
5381,Diana,Languages,30,3
5393,Clemens,Mech. Eng.,4,9
5399,Chun,Pol. Sci.,25,4
5414,Aiken,Pol. Sci.,118,7
54153,Kammerer,Mech. Eng.,25,15
54296,Osinski,Elec. Eng.,91,13
544,Uchiyama,Biology,81,17
54460,Martini,Math,100,NULL
54508,Gregga,Physics,41,7
54605,Yoshioka,Elec. Eng.,50,8
54610,Tam,Languages,5,10
54612,Zaraté,Elec. Eng.,103,10
54620,Hancock,Geology,27,11
54622,Yu,Statistics,107,14
5463,Reiss,Finance,95,6
54672,Thie,Pol. Sci.,44,8
54728,Seta,History,50,11
54875,Feng,Statistics,83,8
55000,Levitan,Biology,103,6
55009,Pohlem,Pol. Sci.,18,12
55170,Ivanov,History,22,14
55238,Thadani,Physics,75,NULL
55286,Kihn,Mech. Eng.,73,14
55329,Vyborny,History,15,7
55354,Yang,Comp. Sci.,107,3
55531,Apostolov,Physics,85,3
55698,Choung,Finance,67,6
557,Bhat,Math,44,11
55857,Martin,Languages,74,4
55859,Eguchi,Astronomy,14,11
55915,Mohamed,Civil Eng.,78,13
55940,Subbai,Pol. Sci.,31,4
56,Kameda,Cybernetics,81,7
56003,Someren,Geology,39,NULL
56057,Hull,Statistics,112,6
56058,Fettes,Pol. Sci.,128,18
56078,Soltys,Geology,70,9
56080,Zamani,Geology,127,9
56089,Mezzar,Marketing,109,NULL
56124,Strieg,Civil Eng.,33,11
56139,Schelten,Elec. Eng.,82,11
56143,Yusop,Civil Eng.,86,7
5617,Souza,Languages,60,3
56212,Rolland,History,98,10
56232,Perozzo,Geology,48,7
56276,Lansi,History,122,10
56299,Sadry,Finance,75,NULL
56486,DeMil,Pol. Sci.,110,4
56499,Zarpell,Geology,82,21
56598,Carey,Cybernetics,58,14
56755,Paul,Mech. Eng.,62,11
56849,Osaka,Accounting,27,15
56882,Browne,Comp. Sci.,24,14
56941,Swain,Astronomy,17,NULL
57026,Rotom,Geology,44,3
5703,Yasuda,Accounting,23,11
57055,Piou,Physics,0,11
57083,Gray,Pol. Sci.,107,11
57107,Janssen,Astronomy,36,3
57123,Katsik,Cybernetics,46,13
57135,Margetts,Marketing,66,13
57156,Haigh,Math,120,14
57160,Baer,Accounting,81,13
57185,ShuQ,Psychology,25,4
57190,Theuniss,History,73,3
57213,Andrew,Math,64,3
57238,Rehd,Accounting,33,3
57242,Chatfield,Physics,108,4
57334,Roeder,Math,70,10
57377,Soricu,Elec. Eng.,40,NULL
57431,Holloway,Civil Eng.,2,19
57456,Stauf,Statistics,89,15
57474,Coddington,Accounting,110,3
57511,Pulido,English,78,3
57538,Albuquerque,Comp. Sci.,100,16
57666,Fries,History,96,11
57780,Trezz,Athletics,86,7
57787,Alexandri,Marketing,60,17
57925,Doeschn,Languages,58,NULL
57941,Kleinberg,Astronomy,24,NULL
57962,Aarde,Statistics,22,NULL
57985,Weller,Geology,45,7
58081,Pelletier,Comp. Sci.,100,10
58085,Bic,Pol. Sci.,28,3
58170,Lao,Statistics,119,7
58172,Geißl,Astronomy,127,8
5824,Ocel,Cybernetics,121,10
58300,Lum,Mech. Eng.,8,18
58307,Tiamp,Pol. Sci.,63,4
58326,Afim,Accounting,100,3
58355,Honeyman,Athletics,42,13
58413,Xiong,Athletics,27,4
5843,Deng,Athletics,11,14
58465,Romeo,Elec. Eng.,76,8
58469,Lutes,Athletics,64,12
58594,Ivanov,Finance,11,6
58595,Cronin,Physics,100,10
58606,Opitz,Cybernetics,91,4
58634,Choung,Finance,101,10
58701,Hampp,Geology,44,7
5871,Carey,Athletics,70,3
58846,Fengl,Pol. Sci.,66,9
58874,Ray,Physics,109,NULL
58889,Collet,Geology,76,8
58919,Schroeder,Languages,60,NULL
58935,Kimu,Pol. Sci.,31,7
5898,Dahl,Languages,28,8
59046,Reichl,Elec. Eng.,56,18
59117,Belmes,Astronomy,109,4
59172,Badran,Astronomy,19,17
5920,Godfrey,Marketing,125,19
5925,Maw,Languages,30,8
59290,Morris,English,120,4
59397,Williams,Statistics,126,10
5943,Rubio,Math,28,19
59455,Lowenstein,English,110,3
59517,Harrison,Elec. Eng.,81,6
59530,Poulin,History,64,11
59538,Kothari,Accounting,125,14
59539,Madden,Civil Eng.,4,4
59553,Schoenfl,Mech. Eng.,110,7
5961,Lavina,Geology,79,NULL
59673,Mertens,Astronomy,98,16
59848,Barwin,History,86,14
59908,Cox,Civil Eng.,0,9
59920,Dano,Civil Eng.,16,6
60040,Samel,Math,100,10
60224,Bensaber,Physics,54,3
60249,Nishida,Geology,83,21
60267,Dage,Physics,7,3
60366,Kostie,Statistics,106,25
60406,Sofer,Physics,113,7
60688,Zander,Accounting,69,3
60748,Nagal,Elec. Eng.,58,6
60762,Bernstein,Civil Eng.,120,3
60867,Poulin,Finance,5,12
60984,Emms,Finance,48,8
61003,Pietkiewicz,Math,88,11
61065,Jovicic,Civil Eng.,31,NULL
61081,Bai,Geology,100,7
61127,Tuki,Physics,30,10
61166,Kangs,Astronomy,73,22
61232,Fukui,Pol. Sci.,48,7
61332,Canon,Astronomy,8,13
61354,Barranco,Mech. Eng.,129,14
61356,Vulp,Cybernetics,6,13
61364,Bhavs,History,8,10
61402,Maity,Mech. Eng.,62,10
61403,Tanno,Finance,44,11
61414,Ohyama,Elec. Eng.,90,6
61444,Vries,Cybernetics,125,10
61527,Shwartz,Comp. Sci.,10,12
61737,Kissel,Finance,86,3
61783,Guyer,Comp. Sci.,102,10
61854,Roytman,Psychology,128,10
61920,Marcol,Geology,59,3
6195,Hartmann,Finance,20,14
61998,Sohn,Civil Eng.,22,10
62054,Wood,Mech. Eng.,13,11
6209,Baccou,English,74,6
62124,Towsey,Physics,105,4
62152,Oba,Elec. Eng.,78,3
62226,Brookh,English,39,9
62373,Cheed,Accounting,60,11
62429,Dietzsch,Psychology,111,17
62487,Durrant,History,68,7
62520,Im,Astronomy,105,8
62549,Komatsu,Comp. Sci.,74,24
62636,Soni,Geology,4,3
62705,Hoffman,Marketing,86,12
62716,Bocchi,Math,33,6
62728,Camme,Biology,107,4
62749,Giroux,Math,49,7
62754,Durrant,Geology,54,18
62784,Stylian,Biology,65,14
62795,Conradie,Pol. Sci.,63,7
62832,Anderson,English,19,13
6287,Makowski,Pol. Sci.,32,10
63039,Wagner,Athletics,69,NULL
6304,Tamura,Cybernetics,122,7
63040,Hochri,Astronomy,63,3
63090,Hoov,Math,118,7
63243,Dostal,Comp. Sci.,68,21
63288,Stilla,Civil Eng.,19,18
63289,So,Psychology,0,9
63310,Luan,History,102,6
63361,Djurd,Languages,36,17
63390,Loudn,Cybernetics,41,13
63449,Sellink,Accounting,39,7
63489,Enokib,Comp. Sci.,81,6
63502,Xie,Languages,69,17
63538,Pulido,History,46,9
63560,Gleit,History,82,11
63582,Fischer,Pol. Sci.,120,9
63612,Duxbury,Math,71,7
63645,Mandviwall,Marketing,20,24
6367,Doisy,Pol. Sci.,66,9
63860,Bayn,English,106,10
63886,Kuo,Biology,12,3
6400,Kelly,Astronomy,110,13
64013,Auriche,Elec. Eng.,107,3
64039,Aarde,Civil Eng.,120,12
64067,Mennif,Languages,8,13
64082,Boyle,Languages,87,18
64121,Mansint,Math,115,10
64138,Doran,Biology,99,14
64140,Tiroz,Athletics,118,14
64155,Midu,Languages,33,13
64164,Zander,Languages,111,11
64169,Lucas,Civil Eng.,27,4
64192,Pradhan,Physics,86,6
64196,Rioult,Pol. Sci.,6,7
64222,Namer,Pol. Sci.,23,6
64249,Kalantari,Mech. Eng.,102,11
64259,Busch,Marketing,123,11
64297,Desp,Athletics,95,13
64401,Larion,Elec. Eng.,42,3
645,Kane,Elec. Eng.,58,3
64550,Kubo,Statistics,42,19
64593,Kamez,Mech. Eng.,8,13
64642,Murdock,Elec. Eng.,39,NULL
64724,Deupree,Cybernetics,36,14
64731,Yuanq,Languages,13,6
6474,Rossettin,Civil Eng.,85,NULL
64820,Hendrickson,Geology,79,4
64893,Katzenb,Statistics,78,11
64914,Lembr,Finance,17,3
64934,Halbert,Psychology,38,13
64938,Kaep,Civil Eng.,126,4
64945,Gall,Mech. Eng.,6,6
65038,Papakir,History,78,NULL
65056,Kean,Astronomy,76,13
65101,Spengler,Civil Eng.,73,10
65121,Winter,Comp. Sci.,56,17
65144,Butler,Marketing,121,8
65190,Dumas,Accounting,77,7
65205,Sauer,Accounting,128,NULL
65208,Farahvash,Civil Eng.,45,11
6523,Karlsson,Civil Eng.,1,17
65241,Riser,Astronomy,96,18
65258,Tian,Comp. Sci.,3,6
65299,Schwarze,Athletics,57,11
65329,Benson,Mech. Eng.,63,3
65396,Rossos,Marketing,75,4
65400,Horecz,Psychology,49,4
65433,Stratulat,Math,123,9
65438,Saad,Comp. Sci.,13,3
65443,Yagit,Finance,78,10
65563,Bawa,Psychology,111,NULL
65676,Aufr,Astronomy,93,6
65681,Roses,English,17,12
65688,Loudn,Mech. Eng.,65,10
65703,Goldman,Comp. Sci.,37,8
65714,Hughes,English,19,NULL
65715,Novak,Mech. Eng.,37,9
65753,Planti,Geology,12,7
65901,Shishkin,Accounting,120,7
65979,Chenu,Comp. Sci.,22,7
65987,Morrison,Athletics,98,11
66008,Szczerban,Languages,25,19
66054,Crick,Comp. Sci.,86,7
66090,Brochhause,Pol. Sci.,53,21
66106,Malagoli,Finance,18,8
66212,Kurt,Finance,113,6
66229,Qvi,Civil Eng.,128,13
66259,Schulman,Biology,67,13
66269,Hsueh,Accounting,43,10
66279,Reynolds,Math,91,7
66281,Schelten,Civil Eng.,49,7
66293,Gibson,English,98,12
66356,Xi,Elec. Eng.,44,10
66469,Komori,History,105,13
66484,Amberg,Mech. Eng.,75,21
66494,Shevade,Biology,62,12
66495,Michel,Statistics,82,6
667,Goldman,History,19,9
6673,Bernhart,Math,84,15
66753,Mazzat,Math,17,7
66763,Wilks,Comp. Sci.,95,10
66813,Spengler,Languages,55,NULL
66969,Sui,Civil Eng.,74,6
67017,Westervelt,Physics,102,15
67018,Catona,Biology,46,4
67021,Chenu,Accounting,73,3
67024,Aufr,Elec. Eng.,62,18
67033,Yun,Marketing,59,4
67051,Labroc,Statistics,70,3
6710,Matli,Elec. Eng.,102,4
6712,Westphal,Math,60,17
67146,Scherze,Marketing,121,19
67222,Andrews,English,91,14
6729,Heilprin,Marketing,39,4
67293,Ueno,History,19,8
67310,Lindner,Elec. Eng.,21,NULL
67340,Dubu,Cybernetics,38,NULL
67371,Garcia-Ferr,Geology,70,10
67407,Yoneda,Biology,115,NULL
67425,Cooper,Athletics,51,25
67436,LaCo,Physics,56,7
67514,Psil,Comp. Sci.,25,3
67542,Jones,Civil Eng.,15,23
67560,Sandberg,Geology,63,10
67583,Senn,Comp. Sci.,93,7
67655,Kuch,Math,46,11
67657,Beeu,Languages,106,3
67660,Newitt,Biology,64,7
67725,Yamamoto,Pol. Sci.,35,9
67793,Pigd,Mech. Eng.,45,8
67810,Forestiero,English,114,10
68010,Blecken,Pol. Sci.,43,4
68070,Cameron,Pol. Sci.,85,20
68096,Teo,Elec. Eng.,68,12
68150,Kim,Math,3,7
68242,Hugo,English,109,11
68248,Tillmann,Athletics,83,11
68263,Roessler,Languages,69,17
68278,Becker,Psychology,83,13
68280,Shuming,Languages,123,4
68330,Soisalon-Soininen,Pol. Sci.,13,22
68395,Jessup,History,110,11
68396,Klimasauskas,Biology,72,4
68453,Kjellmer,Elec. Eng.,102,17
68516,Kouan,Mech. Eng.,8,14
68554,Larsson,English,60,8
68649,Klug,Pol. Sci.,49,NULL
68712,Hill,Civil Eng.,30,4
68720,Gordon,Civil Eng.,94,7
68779,Harmon,Athletics,47,14
6895,Portillo,Geology,4,10
68999,Greve,Psychology,113,4
69081,Stratulat,Geology,59,3
69122,Epstein,Biology,128,4
69132,Sciore,Statistics,25,13
69222,Albuquerque,Math,18,13
69225,Mejia,History,22,7
69230,Masum,Athletics,119,7
69241,Kannan,Athletics,99,15
69285,Zaharak,Athletics,36,10
69307,Gierl,Mech. Eng.,15,14
69471,Aly,Astronomy,41,3
69521,Greenbaum,Accounting,124,7
69581,Prabhakaran,Statistics,26,3
69628,Bouamama,Psychology,124,15
69632,Gibbs,Languages,40,7
69679,Ramírez,Accounting,7,21
69730,Peip,English,12,3
69732,Barbosa,English,76,10
69747,Beichn,Finance,34,7
69752,Tan,English,24,4
69758,Baroni,Pol. Sci.,57,4
69783,Putru,Pol. Sci.,117,7
69850,Alexandri,Finance,80,10
69853,Boken,Statistics,55,11
6990,Hoshi,Biology,25,12
69952,Muñoz,Psychology,115,8
69960,Raïev,Biology,17,3
70021,Aydin,Cybernetics,16,3
70061,Konno,Comp. Sci.,50,17
70098,Prabhakaran,Biology,61,7
70099,Zhiyong,Languages,86,4
7020,Thoreson,Comp. Sci.,61,12
70235,Zle,Elec. Eng.,105,16
70299,Hirvas,Athletics,65,3
70310,Ding,Biology,107,3
7035,Liots,English,23,NULL
70359,Lorinczi,Cybernetics,63,14
70362,Sicard,English,85,8
70384,Shevade,Cybernetics,45,4
70389,Paulk,History,93,3
70395,Ballew,Physics,128,NULL
7043,Gryts,History,52,3
70452,Al-Hu,Astronomy,18,7
70522,Holn,Comp. Sci.,29,NULL
70564,Bouguet,Psychology,13,NULL
70572,Andrews,Psychology,7,13
70688,Ishihara,Elec. Eng.,86,17
70807,Kreitman,Math,91,22
70828,Kaska,Physics,88,11
70918,Holland,English,23,9
70924,Rajnov,Civil Eng.,0,6
70965,Dooley,Languages,66,4
71025,Cadis,History,129,13
71085,Giannoulis,Elec. Eng.,10,6
7123,Holn,Math,27,4
71287,Damas,Marketing,59,18
71387,Tleu,Civil Eng.,69,11
71389,Vegt,Mech. Eng.,60,9
71426,Flecker,Languages,38,11
7149,Xin,Pol. Sci.,120,10
71529,Fredrickso,Elec. Eng.,12,19
71543,Mizuno,Civil Eng.,61,NULL
71628,Amann,Psychology,60,17
71630,Heath,Psychology,116,8
71631,Scheine,Astronomy,87,13
71768,Stephenn,Geology,89,12
71878,Hayat,Finance,27,NULL
71904,Boldin,Mech. Eng.,89,3
71944,Schinag,Mech. Eng.,58,24
72006,Jawad,Comp. Sci.,114,7
72014,Kee,Languages,57,7
7204,Halbert,Biology,83,10
72055,Schinag,Languages,7,3
72165,Otsuki,Psychology,61,4
72177,Eller,Mech. Eng.,30,7
72186,Pace,Marketing,106,11
72358,Tomason,Math,92,8
72485,Wetzel,Finance,33,3
72501,Mulet,Elec. Eng.,93,25
72521,Caleff,Mech. Eng.,48,10
72528,Tuki,Cybernetics,76,7
72622,Kashima,Cybernetics,54,7
72643,Castle,Athletics,49,6
72657,Hird,Comp. Sci.,129,14
72669,Schmitz,Elec. Eng.,126,18
72741,Weiss,Astronomy,22,7
72768,Queiroz,Mech. Eng.,50,11
7287,Tadjo,Cybernetics,116,10
72959,Audeh,Elec. Eng.,43,7
72979,Guix,Astronomy,117,NULL
73072,Akroy,Comp. Sci.,48,9
73165,Fox,Statistics,19,3
73186,Schweitzer,Psychology,3,17
73206,Maw,Cybernetics,36,6
73213,Fall,Psychology,64,10
73268,Yagit,Civil Eng.,67,7
73328,Stokic,History,36,7
73387,Baccou,Cybernetics,70,10
73394,Blasbe,Geology,96,3
73411,Schulz,Math,78,24
73492,Hwang,Mech. Eng.,23,12
73542,Dooley,Geology,8,7
73602,Richardson,History,119,11
73606,Sachse,Cybernetics,93,NULL
73807,Gubar,Statistics,95,7
7390,Stone,Accounting,30,18
73908,Cruz,Biology,60,6
74016,Moei,Elec. Eng.,15,3
74070,Sandberg,Mech. Eng.,119,3
74163,Chettao,Marketing,115,15
74460,McWilliams,Statistics,120,3
74464,Sulimova,Athletics,76,8
74473,Ledermann,Statistics,22,10
74509,Tanzi,Civil Eng.,76,7
74530,Ranno,Physics,103,11
74639,Cerime,Accounting,35,6
74672,Eggers,Athletics,24,6
74796,Vulp,History,108,12
74840,Schill,Biology,116,11
7490,Giuffrida,Math,39,14
74911,Wall,Languages,111,17
74974,Lao,Athletics,86,3
7498,Charng,Physics,82,10
75040,Kruglyak,Pol. Sci.,99,11
75046,Hamagi,Marketing,101,7
75082,Havill,Comp. Sci.,119,6
75116,Samar,Mech. Eng.,127,16
75123,Chowdhury,Physics,92,13
7514,Rical,History,11,7
75173,Basturk,Elec. Eng.,54,7
75231,Ravindranath,Statistics,127,8
75241,Hughes,Languages,79,6
75252,Huo,Languages,0,8
75273,Jia,Civil Eng.,38,15
75299,Miao,Marketing,82,7
75362,Christodoulakis,Pol. Sci.,13,4
75395,Moscarini,Psychology,19,10
75423,Oller,Elec. Eng.,79,7
75510,Dumont,Physics,114,7
75513,Griffin,Statistics,12,12
75522,Yin,Biology,109,10
75534,Simmel,English,93,4
75547,Varadaran,Pol. Sci.,96,7
75560,Tabor,History,129,3
75596,Sayre,Biology,19,10
75772,Morton,Comp. Sci.,48,7
75791,Keuk,Finance,11,7
75794,Hons,History,9,13
75878,Hahn-,Physics,53,4
75928,Yoshimoto,Cybernetics,52,3
75938,Kotsonis,Marketing,71,11
760,Liedm,Geology,100,8
7602,Ingram,Geology,71,6
76049,Tavan,Cybernetics,112,14
76057,Sakanushi,Comp. Sci.,2,15
76169,Williamson,Astronomy,123,NULL
76173,Jovicic,Elec. Eng.,127,6
7620,Potry,Mech. Eng.,107,10
76224,Neilson,Elec. Eng.,34,4
76246,Pettersen,Comp. Sci.,81,12
76250,Maw,History,57,3
76270,Qian,History,128,15
76291,Dellwo,Physics,30,12
7656,Maher,Pol. Sci.,24,NULL
76604,Çivi,History,99,7
76672,Miliko,Statistics,116,7
76743,Rani,Comp. Sci.,16,17
76759,Masum,Mech. Eng.,83,3
76768,Oblak,Pol. Sci.,56,8
76798,Clifford,Languages,43,NULL
76799,Monger,Statistics,63,10
76895,Olro,Accounting,63,14
76911,Alart,Finance,66,3
76953,Lemoine,Athletics,60,11
77000,Cherchi,Physics,125,6
77003,Munro,Astronomy,42,18
77021,Bollen,Psychology,120,8
77130,Tyler,Math,1,15
77148,Hinik,Pol. Sci.,35,NULL
77172,Klepper,Statistics,64,4
77218,Lohman,Finance,51,4
77231,Roschew,History,38,NULL
77234,Hayrapetyan,Geology,93,NULL
77244,Benitez,Geology,37,3
77289,Kok,Geology,57,6
7732,Osc,Comp. Sci.,98,3
77361,Neuhold,Physics,14,4
77364,Lacruz,Elec. Eng.,59,8
77415,Morales,Astronomy,102,6
77548,Krohn,History,45,10
77580,Frazin,Civil Eng.,46,11
77588,Aguilar,Psychology,111,NULL
77664,Apostolov,Marketing,125,10
77729,Lui,Psychology,26,NULL
77898,Yap,Marketing,10,6
78116,Xiao,Civil Eng.,65,14
78143,Erdem,Astronomy,12,NULL
78314,Visr,English,14,9
78332,Ohki,Pol. Sci.,76,3
78434,Ruhe,Psychology,26,7
78454,Michael,Pol. Sci.,68,17
78469,Xiong,Accounting,14,13
78481,Clemme,History,23,9
7854,Someren,Pol. Sci.,113,6
78552,Douss,History,90,3
78572,Kurt,Comp. Sci.,20,10
78581,Hegde,Finance,41,17
7861,Bollen,Pol. Sci.,122,NULL
78637,Beeu,Physics,42,7
78756,Dai,Athletics,93,6
78758,Chakraborty,Geology,7,12
78767,Marlet,Geology,6,7
78782,Sherman,Math,104,14
78787,Rissanen,History,57,10
78792,Ram,Mech. Eng.,102,8
78858,Abdul-Rahman,Psychology,49,6
78892,Kei,English,43,8
78911,Shavel,Math,86,10
78922,Koltso,Astronomy,20,10
79170,Lingamp,Cybernetics,28,14
792,Hashimoto,Athletics,102,17
79205,Zander,Geology,115,11
79210,Sanchez,Astronomy,14,3
79329,Velikovs,Marketing,110,NULL
79352,Rumat,Finance,100,19
79446,Frost,Pol. Sci.,24,NULL
79469,Jacobs,Math,38,7
79487,Androutsopoulos,Languages,2,3
79502,Marongiu,Math,84,6
79534,Martel-,Statistics,11,NULL
7956,Brandsd,Statistics,110,7
79589,Schopp,Elec. Eng.,104,10
79697,Marquis,Accounting,75,15
7970,Bartels,Marketing,56,10
7973,Breed,English,64,3
79763,Ikeda,Comp. Sci.,123,4
79772,Witty,Marketing,4,7
79892,Chiari,Cybernetics,76,3
79911,Corr,Physics,117,21
80047,Clemme,Astronomy,24,3
80057,Szczerban,Biology,101,13
80113,Boudjelo,Geology,10,6
8022,Heng,Languages,74,11
80227,Tsuji,Civil Eng.,47,6
80247,Rueda,Mech. Eng.,17,4
80248,Satoh,English,74,18
80254,Mittelm,Languages,122,11
80285,Karv,Cybernetics,93,3
80420,Bansal,Statistics,69,NULL
80610,Nakamura,Physics,79,11
80651,Holz,English,108,4
80698,Eynd,Languages,29,14
80742,Lucas,Geology,87,NULL
80799,Almeida,Finance,106,11
80821,Morris,Math,102,16
80912,Homyk,Biology,16,7
80941,Sankappanavar,Math,70,3
80976,Mozayani,Elec. Eng.,34,10
80990,Strzem,Biology,117,4
81028,Perna,Pol. Sci.,105,21
81031,Nanda,Psychology,56,11
81150,Atkins,Cybernetics,99,3
81175,Zelek,Biology,0,3
81207,Masri,Athletics,123,7
81245,Mandviwall,Languages,35,15
81258,Nirenbu,History,102,14
81294,Massey,Mech. Eng.,111,13
81396,Cordt,Finance,7,17
8140,Paddock,Comp. Sci.,53,14
81538,Wunderli,Languages,117,NULL
81550,Harada,Elec. Eng.,98,4
81566,Farr,Geology,68,6
81610,Ching,Languages,0,11
81638,Chiu,Statistics,30,3
81785,Crues,Civil Eng.,102,NULL
81789,Urwin,Biology,25,9
81876,Arora,Biology,106,19
81883,Perei,Marketing,124,17
81884,Kereth,Accounting,96,17
81896,Feldman,Finance,46,10
8192,Verma,Civil Eng.,123,7
81984,Gowi,Mech. Eng.,48,7
82039,Hendrickson,Astronomy,37,10
82063,Zeng,Athletics,68,10
82066,Varghese,Comp. Sci.,11,17
82082,Towsey,Statistics,12,13
82083,Peeri,English,58,3
82126,Koizumi,Math,103,8
82301,Conti,Marketing,129,21
82402,Grant,Comp. Sci.,5,3
8251,Kite,History,47,4
8252,Breuer,Civil Eng.,13,9
82580,Wyes,Mech. Eng.,103,3
82591,Pomy,Mech. Eng.,92,18
82646,Nirenbu,Biology,0,4
82687,Cameron,Athletics,77,9
82688,Rote,Cybernetics,33,19
82697,Ye,Civil Eng.,71,6
827,Das,Languages,98,3
82707,Hadzilacos,Statistics,0,11
82868,So,Athletics,105,10
82918,Yemini,Statistics,43,10
82970,Peip,Mech. Eng.,48,9
82974,Duncan,Cybernetics,111,14
83002,Ladu,History,99,7
83003,Nam,Psychology,30,NULL
83022,Chyr,Math,10,8
83039,Harmon,Psychology,124,3
83136,Caporali,Comp. Sci.,61,7
83170,Ariav,English,43,7
83204,Tauber,Accounting,0,14
83214,Dasd,Biology,35,10
83314,Chow,Accounting,40,24
83398,Quinta,History,58,14
8343,Shoji,History,108,11
83444,Vieira,Mech. Eng.,115,11
83462,Mehra,Accounting,55,3
8347,Wunderli,Comp. Sci.,100,13
83480,Whitten,Psychology,9,4
83511,Godfrey,Finance,87,NULL
83557,Khalil,Psychology,95,13
83573,Pavlovico,English,81,12
83592,Benkov,Accounting,33,NULL
83622,Achilles,Elec. Eng.,57,7
83686,Krasser,Statistics,95,10
83691,Katehakis,Mech. Eng.,33,4
83696,Denso,Cybernetics,94,14
83728,Kaminsky,Biology,38,13
83747,Gregory,Mech. Eng.,51,6
8378,Stenv,English,47,8
83836,Gifford,Pol. Sci.,64,NULL
83838,Durrant,Civil Eng.,2,4
83871,Stylian,Languages,92,21
83953,Jordan,Math,26,NULL
84039,Sveti,Astronomy,79,14
84167,Sakanushi,Comp. Sci.,20,3
84189,Kuwadak,Statistics,119,11
842,Jode,Languages,81,7
84239,Jordan,Languages,20,7
8426,Harass,Pol. Sci.,67,11
84410,Bae,Psychology,71,6
84432,Schrefl,Athletics,111,11
84495,Kurata,Psychology,84,6
84515,Levie,Biology,126,11
8457,Christiansen,Mech. Eng.,26,14
84654,Braña,Statistics,59,10
847,Yamaguchi,Elec. Eng.,105,10
84702,Lucas,Math,105,16
84704,Rammer,Physics,55,13
84727,Hennig,Languages,108,3
84792,Angelo,Civil Eng.,81,19
84808,Randers,Psychology,104,4
8483,Luk,Elec. Eng.,53,7
84845,Zuo,Comp. Sci.,81,14
84865,Fernandez-Gonzalez,Finance,20,13
85063,Chaney,Mech. Eng.,4,7
8517,Tomkins,Pol. Sci.,100,8
85211,Sumi,Athletics,109,10
85226,Vicentino,Psychology,18,11
85234,Dubu,Finance,69,8
85308,Yihn,Accounting,20,3
85356,Kocsis,Marketing,68,3
85366,Erol,Finance,112,6
85445,Bocchi,English,18,3
85451,Chapman,Languages,70,10
85505,Wells,History,123,15
85534,Setiawan,Psychology,19,13
85575,Lal,Astronomy,15,3
85602,Bogdanova,Pol. Sci.,81,NULL
85614,Champes,English,87,7
85680,Krohn,Mech. Eng.,93,12
85746,Wilks,Pol. Sci.,5,7
85754,Betho,Finance,45,10
858,Kashima,Psychology,1,23
85809,Andert,Geology,99,12
85849,Aufr,Accounting,56,6
85887,Stoltzfus,Mech. Eng.,15,7
85904,Harass,Cybernetics,120,8
85910,Levitan,Finance,73,4
85981,Kahs,Statistics,91,7
86001,Meise,English,27,15
8603,Piedrah,Pol. Sci.,64,9
86075,Juchn,Biology,101,8
86127,Spikov,Math,27,4
86327,Moscarini,Marketing,31,14
86344,Kaar,Accounting,49,15
86375,Loher,English,110,3
86404,Cordt,Marketing,1,18
86529,Leister,Accounting,22,NULL
86552,Martin,Pol. Sci.,78,7
86573,Schauser,Physics,107,NULL
86641,Dair,Civil Eng.,101,14
86651,Dave,Mech. Eng.,94,13
86661,Shani,Elec. Eng.,21,10
86674,Peter,Biology,105,6
86707,Houtsm,Marketing,53,3
86736,Franchet,Finance,94,12
86753,Leister,History,81,28
86802,Hameed,Mech. Eng.,47,7
86806,Unger,Marketing,101,17
86833,Viani,Psychology,86,7
86934,Berthold,Athletics,35,10
86969,Wicki,Cybernetics,125,17
86981,Hansch,Cybernetics,3,10
87015,Pottos,Accounting,90,11
87044,McDonald,Accounting,87,7
87048,Gani,Mech. Eng.,10,7
87054,Dietzsch,Statistics,91,8
87193,Pinkus,English,25,3
87222,Allard,Mech. Eng.,114,7
87246,Dellwo,Comp. Sci.,15,13
87268,Koenig,Languages,82,17
87280,Kim,Pol. Sci.,67,6
87439,Scheffer,Comp. Sci.,93,14
87624,Carrera,Civil Eng.,81,3
87651,Liang,Math,67,17
87706,Nakao,Physics,80,8
87784,McCracken,Astronomy,64,10
87785,Liepelt,Pol. Sci.,122,7
87831,Turunen,Psychology,128,10
87965,Reiss,Accounting,17,NULL
88045,Jackson,Languages,126,11
8807,Zacharias,Finance,33,9
88085,Bouamama,Comp. Sci.,8,11
88140,Stanko,Pol. Sci.,122,3
88169,Schroeder,Cybernetics,106,3
8819,Lesaffre,Elec. Eng.,1,12
88287,Geser,Athletics,61,9
88302,Yarmush,Marketing,64,10
88308,Reiss,English,19,7
88358,Bongio,Astronomy,29,NULL
88389,Henriksen,Marketing,5,10
88417,Mitsuhashi,Athletics,1,13
88418,Slaw,Elec. Eng.,112,7
8843,Papakir,Biology,95,4
88472,Lynch,Marketing,12,7
88525,Hung,Mech. Eng.,92,4
8853,Warner,Mech. Eng.,69,4
88553,Levine,Pol. Sci.,51,23
88577,Smoro,Astronomy,91,4
8860,Aminian,Finance,13,14
88793,Sakhno,Mech. Eng.,77,NULL
888,Frost,Geology,77,15
88801,Fonseca,Athletics,102,3
88884,Stasko,Elec. Eng.,14,14
88887,Wodn,Languages,122,24
88993,Palaniswami,Math,51,3
89000,Guthk,Finance,80,16
89051,Dubink,History,65,7
89059,Juan,Civil Eng.,62,8
89104,Mitsuhashi,Biology,54,7
89106,Dawson,Mech. Eng.,88,11
8912,Brenner,Languages,14,12
89132,Janssen,Geology,104,4
89140,Fabregas,Biology,94,17
89188,Anse,Statistics,77,3
89196,Klöpper,Pol. Sci.,37,11
89234,Hird,Civil Eng.,78,7
89246,Loyka,History,46,10
89297,Cacciari,Astronomy,70,NULL
89312,Marques,Statistics,101,17
89393,Fischbach,English,21,NULL
89414,Feldman,Marketing,34,16
89551,Shapiro,History,127,4
8957,Walker,Athletics,50,7
89571,Zubai,Comp. Sci.,88,7
89734,Doeschn,Astronomy,66,14
89759,Zettel,Mech. Eng.,55,9
898,Heilprin,Accounting,88,13
8986,Maesf,Pol. Sci.,115,11
90004,Unay,Astronomy,81,4
90009,Donofrio,Pol. Sci.,13,NULL
90041,Barberis,Mech. Eng.,122,4
90082,Esparza,Astronomy,62,3
90089,Mohan,Astronomy,28,7
90124,Koppit,Physics,104,10
90132,Jo,Psychology,11,6
90181,Giannoulis,Biology,23,7
90194,Busch,Biology,93,3
90220,Iacovoni,Elec. Eng.,113,15
90234,Sram,Biology,31,7
90353,Bruderm,Astronomy,46,11
90372,Rho,Biology,101,11
90381,Chaudhuri,Math,108,10
90448,Godfrey,English,120,16
90567,Tomason,Pol. Sci.,118,12
90609,Mohamed,Finance,95,7
90663,Sram,Comp. Sci.,119,7
90779,Lenhart,Math,24,9
90814,Finance,Elec. Eng.,105,17
9084,Rabu,Finance,87,10
90914,Grange,Pol. Sci.,38,11
91063,Dair,Civil Eng.,105,11
91091,Ockerb,English,105,7
91132,Sud,History,57,9
9114,Swien,Marketing,119,4
91197,Manzoor,Geology,110,10
91343,Clarkson,Statistics,42,6
91370,Frangeu,Mech. Eng.,9,14
914,Schill,Comp. Sci.,32,4
91442,Ohno,Pol. Sci.,91,NULL
91569,Pavlovico,Marketing,90,7
91580,Cabr,Mech. Eng.,96,7
91616,Hoffman,Astronomy,100,16
91788,Streitf,Cybernetics,56,4
91799,Steinmetz,Civil Eng.,96,14
9183,Sutter,Athletics,44,20
91851,Tchuri,History,101,11
91915,Cacciari,Geology,126,15
91978,Pourkas,Cybernetics,128,11
91992,DAtri,Cybernetics,85,6
92040,Alexandri,Athletics,66,9
92274,Caporali,Pol. Sci.,12,8
92332,Nicol,Languages,34,7
92385,Godfrey,English,34,4
92417,Dubink,Comp. Sci.,92,14
92442,Satoh,Statistics,81,3
92464,Enokib,History,47,14
9256,Tran-,Pol. Sci.,107,NULL
92659,Mathias,Biology,98,NULL
92693,Mattor,Athletics,73,3
92703,Makinen,Cybernetics,29,14
92776,Oki,Psychology,0,9
92839,Cirsto,Math,115,4
92849,Flossmann,Astronomy,54,7
92864,Rogers,Accounting,54,17
92867,Khene,Languages,69,13
92949,Retzel,Pol. Sci.,125,12
92965,Mesne,Biology,26,7
93004,Gibbs,Finance,129,12
93039,Hau,English,21,9
93043,McQuillan,Marketing,42,7
93061,Alfaro,Elec. Eng.,69,10
931,Tsalidi,English,122,23
93125,Harders,Physics,47,7
93171,Carey,Marketing,56,NULL
93354,Varghese,English,88,4
93366,Gault,Cybernetics,29,7
93491,Rees-,History,74,4
93508,Graham,Physics,14,11
93571,Kato,Psychology,0,7
9360,Mukai,Marketing,36,10
93631,Sendlm,History,71,6
93653,Mellor,Astronomy,127,11
93708,Steines,Psychology,99,NULL
93814,Smoro,Marketing,19,3
93986,Zahrani,Physics,73,6
9408,Oberholzer,Athletics,84,6
94142,Simon,Languages,45,13
94173,Winkler,Biology,16,10
94178,Bengtss,Psychology,47,4
94257,Unger,Languages,12,7
94311,Napoletani,English,40,7
94324,Willson,Geology,120,10
94371,Milner,Athletics,120,3
9440,Gierl,Psychology,9,10
94522,Pampal,Civil Eng.,41,6
94535,Nishida,History,127,10
94569,Yip,English,122,11
9460,Wrzesz,Accounting,99,15
94620,Sarnak,Accounting,100,26
94697,Pettersen,Geology,105,10
94726,Ailamaki,Accounting,47,11
94730,Neff,Geology,101,3
94766,Buril,History,81,7
94801,Chakraborty,Civil Eng.,26,6
94814,Kee,Mech. Eng.,73,NULL
94815,Xiang,Finance,6,11
94836,Fuller,English,13,4
94846,Hossain,Cybernetics,103,4
94894,Kozlov,Accounting,27,3
9495,Crimm,Comp. Sci.,68,6
94990,Lykin,English,120,13
94998,Krishnakumar,Physics,81,NULL
95027,Bauer,Accounting,45,3
95029,Oliveira,Astronomy,17,10
95046,Mercank,Astronomy,100,7
95089,Zarpell,Mech. Eng.,111,NULL
95099,Chien,Accounting,81,9
9514,Dickson,Geology,112,4
95175,Guiho,Elec. Eng.,42,7
95201,Yang,Psychology,28,7
95205,Hammond,Athletics,115,8
95225,Moire,Languages,99,10
95260,Yannakakis,Statistics,109,8
95284,Hands,Physics,25,NULL
95320,Morgan,Mech. Eng.,127,4
95366,Isogai,Cybernetics,33,16
95574,Pampal,Comp. Sci.,111,4
95626,Tellez,Math,32,7
95631,Mauras,Elec. Eng.,42,NULL
95697,Gruns,Cybernetics,77,12
95840,Jakobsen,History,127,8
95850,Schrefl,Comp. Sci.,13,14
95852,Cabr,Athletics,48,7
95859,Huft,Physics,33,12
95953,Batano,Comp. Sci.,77,12
96003,Nakajima,Astronomy,95,6
9605,Beeu,Pol. Sci.,61,20
96052,Marcol,Cybernetics,15,28
96067,Sugavanam,Civil Eng.,113,12
96085,Wood,Accounting,70,3
96117,Nisso,English,128,7
96134,Prince,Languages,121,14
96153,Sawah,Pol. Sci.,67,6
96178,Hay,Civil Eng.,84,7
96193,Yasuda,English,19,12
96203,Olin,Comp. Sci.,87,6
96206,Koic,Math,53,13
96227,Vulp,Civil Eng.,88,11
96246,Tong,Languages,86,4
96324,Sudirm,Accounting,84,13
9659,Sakhno,Cybernetics,67,3
96615,Anty,English,9,11
96710,Katehakis,Languages,51,10
96722,Liley,English,34,6
96741,Kobayashi,Comp. Sci.,87,3
96772,Rieger,Cybernetics,126,7
96895,Stelzl,Statistics,94,15
96911,Jamro,English,13,12
96968,Mohamed,Mech. Eng.,118,8
96988,Bussel,History,124,18
97023,Bulash,Psychology,48,7
97041,Rajnov,Psychology,22,7
97042,Bhargava,Pol. Sci.,68,17
97065,Gandhi,Languages,22,NULL
97101,Marek,Psychology,53,3
97228,Brzezinski,Mech. Eng.,25,8
97355,Ratcliff,Languages,60,7
97400,Noda,Accounting,62,3
97435,Winzer,Finance,77,4
97551,Labaye,Civil Eng.,128,13
97573,Yusop,Physics,60,3
97590,Rammer,Comp. Sci.,17,7
97629,Awano,Biology,101,7
97658,Baier,Finance,82,6
97679,Sacchi,Psychology,102,NULL
97694,ODono,Biology,15,6
978,Salzman,Comp. Sci.,127,15
97868,Schinag,Athletics,104,15
97953,Kaneko,Math,110,8
98019,Ciepl,Marketing,74,14
98047,Takahashi,History,49,11
98056,Di,Civil Eng.,81,14
98120,Furukawa,Physics,33,4
98140,Ratcliff,Statistics,5,10
98315,Saill,Pol. Sci.,65,8
98359,Patne,Accounting,105,7
98388,Nilsson,Math,33,7
98423,Alfaro,Physics,101,7
98563,Yen,Languages,74,4
98619,Nagaraj,Civil Eng.,61,10
98690,Neru,Accounting,41,13
987,Kasani,Athletics,0,7
98726,Mathias,Comp. Sci.,36,NULL
98830,Frolova,Comp. Sci.,13,15
98843,Julier,Cybernetics,85,11
98870,Kun,Cybernetics,43,16
98940,Hawthorne,Marketing,78,NULL
98984,Seraphin,Mech. Eng.,43,9
99073,Bartels,Comp. Sci.,6,14
99189,Shelest,Pol. Sci.,35,NULL
99226,Hao,Civil Eng.,50,21
99250,Khaw,English,14,NULL
99268,Makarychev,Elec. Eng.,115,12
99271,Soricu,Math,70,10
99289,Morales,Finance,80,NULL
993,McGarr,Comp. Sci.,55,8
9933,Pircher,Geology,90,8
99348,Tobin,Finance,85,8
99369,Klingenb,Comp. Sci.,57,13
99399,Duan,Astronomy,96,3
99422,Fickl,Civil Eng.,83,11
99451,Bradshaw,Statistics,79,17
99463,Jacobi,Statistics,19,10
9947,Bouzeghoub,Biology,38,16
9953,Wilks,Biology,45,10
99553,Strader,Languages,6,7
99611,Schrefl,Pol. Sci.,22,4
99647,Bellman,English,106,10
99660,OMalley,Civil Eng.,128,7
99694,Beckert,Statistics,119,11
99710,Savolainen,Languages,126,6
99711,Deshpande,Pol. Sci.,24,8
99719,Bennett,Accounting,70,12
99730,Courtney,English,99,20
99754,Califieri,Cybernetics,55,11
99760,Sakamoto,Athletics,75,10
99764,Lv,Marketing,104,18
99775,Epley,Athletics,116,7
99780,Bravo,English,100,7
9993,Won,Math,40,11
99949,Samo,Astronomy,125,7
99977,Englund,Psychology,93,NULL
